Mon Apr 11 23:18:42 GMT+08:00 2016,6
Mon Apr 11 23:18:43 GMT+08:00 2016,6
Mon Apr 11 23:18:43 GMT+08:00 2016,8
Mon Apr 11 23:18:44 GMT+08:00 2016,7
Mon Apr 11 23:18:44 GMT+08:00 2016,5
Mon Apr 11 23:18:45 GMT+08:00 2016,5
Mon Apr 11 23:18:45 GMT+08:00 2016,8
Mon Apr 11 23:18:46 GMT+08:00 2016,8
Mon Apr 11 23:18:46 GMT+08:00 2016,6
Mon Apr 11 23:18:47 GMT+08:00 2016,7
Mon Apr 11 23:18:47 GMT+08:00 2016,6
Mon Apr 11 23:18:48 GMT+08:00 2016,9
Mon Apr 11 23:18:49 GMT+08:00 2016,5
Mon Apr 11 23:18:49 GMT+08:00 2016,6
Mon Apr 11 23:18:50 GMT+08:00 2016,3
Mon Apr 11 23:18:50 GMT+08:00 2016,8
Mon Apr 11 23:18:51 GMT+08:00 2016,10
Mon Apr 11 23:18:51 GMT+08:00 2016,7
Mon Apr 11 23:18:52 GMT+08:00 2016,8
Mon Apr 11 23:18:52 GMT+08:00 2016,9
Mon Apr 11 23:18:53 GMT+08:00 2016,7
Mon Apr 11 23:18:53 GMT+08:00 2016,8
Mon Apr 11 23:18:54 GMT+08:00 2016,10
Mon Apr 11 23:18:54 GMT+08:00 2016,7
Mon Apr 11 23:18:55 GMT+08:00 2016,8
Mon Apr 11 23:18:55 GMT+08:00 2016,8
Mon Apr 11 23:18:56 GMT+08:00 2016,5
Mon Apr 11 23:18:56 GMT+08:00 2016,4
Mon Apr 11 23:18:57 GMT+08:00 2016,9
Mon Apr 11 23:18:57 GMT+08:00 2016,6
Mon Apr 11 23:18:58 GMT+08:00 2016,8
Mon Apr 11 23:18:58 GMT+08:00 2016,9
Mon Apr 11 23:18:59 GMT+08:00 2016,6
Mon Apr 11 23:18:59 GMT+08:00 2016,4
Mon Apr 11 23:19:00 GMT+08:00 2016,5
Mon Apr 11 23:19:00 GMT+08:00 2016,5
Mon Apr 11 23:19:01 GMT+08:00 2016,9
Mon Apr 11 23:19:01 GMT+08:00 2016,4
Mon Apr 11 23:19:02 GMT+08:00 2016,8
Mon Apr 11 23:19:02 GMT+08:00 2016,7
Mon Apr 11 23:19:28 GMT+08:00 2016,8
Mon Apr 11 23:19:28 GMT+08:00 2016,7
Mon Apr 11 23:19:29 GMT+08:00 2016,10
Mon Apr 11 23:19:29 GMT+08:00 2016,10
Mon Apr 11 23:19:30 GMT+08:00 2016,10
Mon Apr 11 23:19:30 GMT+08:00 2016,8
Mon Apr 11 23:19:31 GMT+08:00 2016,9
Mon Apr 11 23:19:31 GMT+08:00 2016,9
Mon Apr 11 23:19:32 GMT+08:00 2016,9
Mon Apr 11 23:19:32 GMT+08:00 2016,9
Mon Apr 11 23:19:33 GMT+08:00 2016,8
Mon Apr 11 23:19:33 GMT+08:00 2016,10
Mon Apr 11 23:19:34 GMT+08:00 2016,9
Mon Apr 11 23:19:34 GMT+08:00 2016,9
Mon Apr 11 23:19:35 GMT+08:00 2016,10
Mon Apr 11 23:19:35 GMT+08:00 2016,9
Mon Apr 11 23:19:36 GMT+08:00 2016,10
Mon Apr 11 23:19:36 GMT+08:00 2016,9
Mon Apr 11 23:19:37 GMT+08:00 2016,10
Mon Apr 11 23:19:37 GMT+08:00 2016,5
Mon Apr 11 23:19:38 GMT+08:00 2016,10
Mon Apr 11 23:19:38 GMT+08:00 2016,10
Mon Apr 11 23:19:39 GMT+08:00 2016,10
Mon Apr 11 23:19:39 GMT+08:00 2016,8
Mon Apr 11 23:19:40 GMT+08:00 2016,8
Mon Apr 11 23:19:40 GMT+08:00 2016,10
Mon Apr 11 23:19:41 GMT+08:00 2016,10
Mon Apr 11 23:19:41 GMT+08:00 2016,9
Mon Apr 11 23:19:42 GMT+08:00 2016,9
Mon Apr 11 23:19:42 GMT+08:00 2016,7
Mon Apr 11 23:19:43 GMT+08:00 2016,10
Mon Apr 11 23:19:43 GMT+08:00 2016,10
Mon Apr 11 23:19:44 GMT+08:00 2016,10
Mon Apr 11 23:19:44 GMT+08:00 2016,9
Mon Apr 11 23:19:45 GMT+08:00 2016,9
Mon Apr 11 23:19:45 GMT+08:00 2016,10
Mon Apr 11 23:19:46 GMT+08:00 2016,9
Mon Apr 11 23:19:46 GMT+08:00 2016,10
Mon Apr 11 23:20:03 GMT+08:00 2016,6
Mon Apr 11 23:20:04 GMT+08:00 2016,8
Mon Apr 11 23:20:04 GMT+08:00 2016,7
Mon Apr 11 23:20:05 GMT+08:00 2016,6
Mon Apr 11 23:20:05 GMT+08:00 2016,8
Mon Apr 11 23:20:06 GMT+08:00 2016,10
Mon Apr 11 23:20:06 GMT+08:00 2016,5
Mon Apr 11 23:20:07 GMT+08:00 2016,7
Mon Apr 11 23:20:07 GMT+08:00 2016,8
Mon Apr 11 23:20:08 GMT+08:00 2016,8
Mon Apr 11 23:20:08 GMT+08:00 2016,9
Mon Apr 11 23:20:09 GMT+08:00 2016,10
Mon Apr 11 23:20:09 GMT+08:00 2016,10
Mon Apr 11 23:20:10 GMT+08:00 2016,10
Mon Apr 11 23:20:10 GMT+08:00 2016,10
Mon Apr 11 23:20:11 GMT+08:00 2016,10
Mon Apr 11 23:20:11 GMT+08:00 2016,10
Mon Apr 11 23:20:12 GMT+08:00 2016,10
Mon Apr 11 23:20:13 GMT+08:00 2016,10
Mon Apr 11 23:20:13 GMT+08:00 2016,10
Mon Apr 11 23:20:14 GMT+08:00 2016,10
Mon Apr 11 23:20:14 GMT+08:00 2016,10
Mon Apr 11 23:20:15 GMT+08:00 2016,10
Mon Apr 11 23:20:15 GMT+08:00 2016,10
Mon Apr 11 23:20:16 GMT+08:00 2016,10
Mon Apr 11 23:20:16 GMT+08:00 2016,10
Mon Apr 11 23:20:17 GMT+08:00 2016,10
Mon Apr 11 23:20:17 GMT+08:00 2016,10
Mon Apr 11 23:20:18 GMT+08:00 2016,10
Mon Apr 11 23:20:18 GMT+08:00 2016,10
Mon Apr 11 23:20:19 GMT+08:00 2016,10
Mon Apr 11 23:20:19 GMT+08:00 2016,10
Mon Apr 11 23:20:20 GMT+08:00 2016,10
Mon Apr 11 23:20:20 GMT+08:00 2016,10
Mon Apr 11 23:20:21 GMT+08:00 2016,10
Mon Apr 11 23:20:21 GMT+08:00 2016,9
Mon Apr 11 23:20:22 GMT+08:00 2016,6
Mon Apr 11 23:20:22 GMT+08:00 2016,9
Mon Apr 11 23:20:23 GMT+08:00 2016,5
Mon Apr 11 23:20:23 GMT+08:00 2016,7
Mon Apr 11 23:20:24 GMT+08:00 2016,4
Mon Apr 11 23:20:24 GMT+08:00 2016,9
Mon Apr 11 23:20:25 GMT+08:00 2016,6
Mon Apr 11 23:20:25 GMT+08:00 2016,9
Mon Apr 11 23:20:26 GMT+08:00 2016,10
Mon Apr 11 23:20:26 GMT+08:00 2016,6
Mon Apr 11 23:20:27 GMT+08:00 2016,6
Mon Apr 11 23:20:27 GMT+08:00 2016,6
Mon Apr 11 23:20:28 GMT+08:00 2016,6
Mon Apr 11 23:20:28 GMT+08:00 2016,6
Mon Apr 11 23:20:48 GMT+08:00 2016,9
Mon Apr 11 23:20:48 GMT+08:00 2016,8
Mon Apr 11 23:20:49 GMT+08:00 2016,10
Mon Apr 11 23:20:49 GMT+08:00 2016,8
Mon Apr 11 23:20:50 GMT+08:00 2016,10
Mon Apr 11 23:20:50 GMT+08:00 2016,10
Mon Apr 11 23:20:51 GMT+08:00 2016,8
Mon Apr 11 23:20:51 GMT+08:00 2016,9
Mon Apr 11 23:20:52 GMT+08:00 2016,10
Mon Apr 11 23:20:52 GMT+08:00 2016,9
Mon Apr 11 23:20:53 GMT+08:00 2016,7
Mon Apr 11 23:20:53 GMT+08:00 2016,8
Mon Apr 11 23:20:54 GMT+08:00 2016,8
Mon Apr 11 23:20:54 GMT+08:00 2016,10
Mon Apr 11 23:20:55 GMT+08:00 2016,10
Mon Apr 11 23:20:55 GMT+08:00 2016,10
Mon Apr 11 23:20:56 GMT+08:00 2016,10
Mon Apr 11 23:20:56 GMT+08:00 2016,10
Mon Apr 11 23:20:57 GMT+08:00 2016,10
Mon Apr 11 23:20:58 GMT+08:00 2016,10
Mon Apr 11 23:20:58 GMT+08:00 2016,10
Mon Apr 11 23:20:59 GMT+08:00 2016,10
Mon Apr 11 23:20:59 GMT+08:00 2016,10
Mon Apr 11 23:21:00 GMT+08:00 2016,10
Mon Apr 11 23:21:00 GMT+08:00 2016,9
Mon Apr 11 23:21:01 GMT+08:00 2016,6
Mon Apr 11 23:21:01 GMT+08:00 2016,7
Mon Apr 11 23:21:02 GMT+08:00 2016,10
Mon Apr 11 23:21:02 GMT+08:00 2016,7
Mon Apr 11 23:21:03 GMT+08:00 2016,5
Mon Apr 11 23:21:03 GMT+08:00 2016,8
Mon Apr 11 23:21:04 GMT+08:00 2016,10
Mon Apr 11 23:21:04 GMT+08:00 2016,10
Mon Apr 11 23:21:05 GMT+08:00 2016,10
Mon Apr 11 23:21:05 GMT+08:00 2016,10
Mon Apr 11 23:21:06 GMT+08:00 2016,10
Mon Apr 11 23:21:06 GMT+08:00 2016,10
Mon Apr 11 23:21:07 GMT+08:00 2016,10
Mon Apr 11 23:21:27 GMT+08:00 2016,8
Mon Apr 11 23:21:28 GMT+08:00 2016,8
Mon Apr 11 23:21:28 GMT+08:00 2016,9
Mon Apr 11 23:21:29 GMT+08:00 2016,9
Mon Apr 11 23:21:29 GMT+08:00 2016,10
Mon Apr 11 23:21:30 GMT+08:00 2016,8
Mon Apr 11 23:21:30 GMT+08:00 2016,9
Mon Apr 11 23:21:31 GMT+08:00 2016,10
Mon Apr 11 23:21:31 GMT+08:00 2016,10
Mon Apr 11 23:21:32 GMT+08:00 2016,10
Mon Apr 11 23:21:32 GMT+08:00 2016,9
Mon Apr 11 23:21:33 GMT+08:00 2016,9
Mon Apr 11 23:21:33 GMT+08:00 2016,10
Mon Apr 11 23:21:34 GMT+08:00 2016,10
Mon Apr 11 23:21:34 GMT+08:00 2016,9
Mon Apr 11 23:21:35 GMT+08:00 2016,10
Mon Apr 11 23:21:35 GMT+08:00 2016,10
Mon Apr 11 23:21:36 GMT+08:00 2016,10
Mon Apr 11 23:21:36 GMT+08:00 2016,9
Mon Apr 11 23:21:37 GMT+08:00 2016,10
Mon Apr 11 23:21:37 GMT+08:00 2016,10
Mon Apr 11 23:21:38 GMT+08:00 2016,10
Mon Apr 11 23:21:38 GMT+08:00 2016,10
Mon Apr 11 23:21:39 GMT+08:00 2016,9
Mon Apr 11 23:21:39 GMT+08:00 2016,8
Mon Apr 11 23:21:40 GMT+08:00 2016,9
Mon Apr 11 23:21:41 GMT+08:00 2016,10
Mon Apr 11 23:21:41 GMT+08:00 2016,10
Mon Apr 11 23:21:42 GMT+08:00 2016,10
Mon Apr 11 23:21:42 GMT+08:00 2016,9
Mon Apr 11 23:21:43 GMT+08:00 2016,9
Mon Apr 11 23:21:43 GMT+08:00 2016,10
Mon Apr 11 23:21:44 GMT+08:00 2016,9
Mon Apr 11 23:21:44 GMT+08:00 2016,10
Mon Apr 11 23:21:45 GMT+08:00 2016,10
Mon Apr 11 23:21:45 GMT+08:00 2016,10
Mon Apr 11 23:21:46 GMT+08:00 2016,9
Mon Apr 11 23:21:46 GMT+08:00 2016,10
Mon Apr 11 23:21:47 GMT+08:00 2016,10
Mon Apr 11 23:21:47 GMT+08:00 2016,10
Mon Apr 11 23:21:48 GMT+08:00 2016,10
Mon Apr 11 23:21:48 GMT+08:00 2016,9
Mon Apr 11 23:22:12 GMT+08:00 2016,7
Mon Apr 11 23:22:12 GMT+08:00 2016,5
Mon Apr 11 23:22:13 GMT+08:00 2016,9
Mon Apr 11 23:22:14 GMT+08:00 2016,7
Mon Apr 11 23:22:14 GMT+08:00 2016,10
Mon Apr 11 23:22:15 GMT+08:00 2016,7
Mon Apr 11 23:22:15 GMT+08:00 2016,8
Mon Apr 11 23:22:16 GMT+08:00 2016,9
Mon Apr 11 23:22:16 GMT+08:00 2016,10
Mon Apr 11 23:22:17 GMT+08:00 2016,10
Mon Apr 11 23:22:17 GMT+08:00 2016,10
Mon Apr 11 23:22:18 GMT+08:00 2016,9
Mon Apr 11 23:22:18 GMT+08:00 2016,7
Mon Apr 11 23:22:19 GMT+08:00 2016,10
Mon Apr 11 23:22:19 GMT+08:00 2016,9
Mon Apr 11 23:22:20 GMT+08:00 2016,9
Mon Apr 11 23:22:20 GMT+08:00 2016,9
Mon Apr 11 23:22:21 GMT+08:00 2016,7
Mon Apr 11 23:22:21 GMT+08:00 2016,10
Mon Apr 11 23:22:22 GMT+08:00 2016,10
Mon Apr 11 23:22:22 GMT+08:00 2016,10
Mon Apr 11 23:22:23 GMT+08:00 2016,10
Mon Apr 11 23:22:23 GMT+08:00 2016,10
Mon Apr 11 23:22:24 GMT+08:00 2016,10
Mon Apr 11 23:22:24 GMT+08:00 2016,10
Mon Apr 11 23:22:25 GMT+08:00 2016,10
Mon Apr 11 23:22:25 GMT+08:00 2016,10
Mon Apr 11 23:22:26 GMT+08:00 2016,10
Mon Apr 11 23:22:26 GMT+08:00 2016,10
Mon Apr 11 23:22:27 GMT+08:00 2016,10
Mon Apr 11 23:22:27 GMT+08:00 2016,10
Mon Apr 11 23:22:28 GMT+08:00 2016,10
Mon Apr 11 23:22:28 GMT+08:00 2016,7
Mon Apr 11 23:22:29 GMT+08:00 2016,8
Mon Apr 11 23:22:29 GMT+08:00 2016,7
Mon Apr 11 23:22:30 GMT+08:00 2016,8
Mon Apr 11 23:22:30 GMT+08:00 2016,5
Mon Apr 11 23:22:31 GMT+08:00 2016,4
Mon Apr 11 23:22:31 GMT+08:00 2016,5
Mon Apr 11 23:22:32 GMT+08:00 2016,8
Mon Apr 11 23:22:32 GMT+08:00 2016,8
Mon Apr 11 23:22:33 GMT+08:00 2016,6
Mon Apr 11 23:22:33 GMT+08:00 2016,6
Mon Apr 11 23:22:34 GMT+08:00 2016,8
Mon Apr 11 23:22:34 GMT+08:00 2016,8
Mon Apr 11 23:22:35 GMT+08:00 2016,6
Mon Apr 11 23:22:35 GMT+08:00 2016,4
Mon Apr 11 23:22:36 GMT+08:00 2016,7
Mon Apr 11 23:22:37 GMT+08:00 2016,4
Mon Apr 11 23:22:37 GMT+08:00 2016,8
Mon Apr 11 23:23:05 GMT+08:00 2016,8
Mon Apr 11 23:23:05 GMT+08:00 2016,10
Mon Apr 11 23:23:06 GMT+08:00 2016,10
Mon Apr 11 23:23:06 GMT+08:00 2016,10
Mon Apr 11 23:23:07 GMT+08:00 2016,10
Mon Apr 11 23:23:07 GMT+08:00 2016,8
Mon Apr 11 23:23:08 GMT+08:00 2016,10
Mon Apr 11 23:23:08 GMT+08:00 2016,10
Mon Apr 11 23:23:09 GMT+08:00 2016,10
Mon Apr 11 23:23:09 GMT+08:00 2016,10
Mon Apr 11 23:23:10 GMT+08:00 2016,10
Mon Apr 11 23:23:10 GMT+08:00 2016,9
Mon Apr 11 23:23:11 GMT+08:00 2016,10
Mon Apr 11 23:23:11 GMT+08:00 2016,10
Mon Apr 11 23:23:12 GMT+08:00 2016,10
Mon Apr 11 23:23:12 GMT+08:00 2016,10
Mon Apr 11 23:23:13 GMT+08:00 2016,10
Mon Apr 11 23:23:14 GMT+08:00 2016,10
Mon Apr 11 23:23:14 GMT+08:00 2016,10
Mon Apr 11 23:23:15 GMT+08:00 2016,10
Mon Apr 11 23:23:15 GMT+08:00 2016,10
Mon Apr 11 23:23:16 GMT+08:00 2016,8
Mon Apr 11 23:23:16 GMT+08:00 2016,10
Mon Apr 11 23:23:17 GMT+08:00 2016,10
Mon Apr 11 23:23:17 GMT+08:00 2016,10
Mon Apr 11 23:23:18 GMT+08:00 2016,10
Mon Apr 11 23:23:18 GMT+08:00 2016,9
Mon Apr 11 23:23:19 GMT+08:00 2016,10
Mon Apr 11 23:23:19 GMT+08:00 2016,9
Mon Apr 11 23:23:20 GMT+08:00 2016,9
Mon Apr 11 23:23:20 GMT+08:00 2016,9
Mon Apr 11 23:23:21 GMT+08:00 2016,10
Mon Apr 11 23:23:21 GMT+08:00 2016,10
Mon Apr 11 23:23:22 GMT+08:00 2016,10
Mon Apr 11 23:23:22 GMT+08:00 2016,10
Mon Apr 11 23:23:23 GMT+08:00 2016,10
Mon Apr 11 23:23:23 GMT+08:00 2016,7
Mon Apr 11 23:23:24 GMT+08:00 2016,8
Mon Apr 11 23:23:24 GMT+08:00 2016,10
Mon Apr 11 23:23:25 GMT+08:00 2016,10
Mon Apr 11 23:23:25 GMT+08:00 2016,10
Mon Apr 11 23:23:26 GMT+08:00 2016,9
Mon Apr 11 23:23:26 GMT+08:00 2016,10
Mon Apr 11 23:23:27 GMT+08:00 2016,10
Mon Apr 11 23:23:27 GMT+08:00 2016,10
Mon Apr 11 23:23:28 GMT+08:00 2016,10
Mon Apr 11 23:23:28 GMT+08:00 2016,9
Mon Apr 11 23:23:29 GMT+08:00 2016,9
Mon Apr 11 23:23:29 GMT+08:00 2016,9
Mon Apr 11 23:23:30 GMT+08:00 2016,10
Mon Apr 11 23:23:30 GMT+08:00 2016,10
Mon Apr 11 23:23:31 GMT+08:00 2016,10
Mon Apr 11 23:23:31 GMT+08:00 2016,10
Mon Apr 11 23:23:32 GMT+08:00 2016,10
Mon Apr 11 23:23:32 GMT+08:00 2016,10
Mon Apr 11 23:23:51 GMT+08:00 2016,8
Mon Apr 11 23:23:51 GMT+08:00 2016,10
Mon Apr 11 23:23:52 GMT+08:00 2016,10
Mon Apr 11 23:23:52 GMT+08:00 2016,10
Mon Apr 11 23:23:53 GMT+08:00 2016,10
Mon Apr 11 23:23:53 GMT+08:00 2016,10
Mon Apr 11 23:23:54 GMT+08:00 2016,10
Mon Apr 11 23:23:54 GMT+08:00 2016,10
Mon Apr 11 23:23:55 GMT+08:00 2016,10
Mon Apr 11 23:23:55 GMT+08:00 2016,10
Mon Apr 11 23:23:56 GMT+08:00 2016,10
Mon Apr 11 23:23:56 GMT+08:00 2016,10
Mon Apr 11 23:23:57 GMT+08:00 2016,10
Mon Apr 11 23:23:57 GMT+08:00 2016,10
Mon Apr 11 23:23:58 GMT+08:00 2016,10
Mon Apr 11 23:23:58 GMT+08:00 2016,9
Mon Apr 11 23:23:59 GMT+08:00 2016,9
Mon Apr 11 23:23:59 GMT+08:00 2016,9
Mon Apr 11 23:24:00 GMT+08:00 2016,10
Mon Apr 11 23:24:00 GMT+08:00 2016,10
Mon Apr 11 23:24:01 GMT+08:00 2016,10
Mon Apr 11 23:24:01 GMT+08:00 2016,10
Mon Apr 11 23:24:02 GMT+08:00 2016,8
Mon Apr 11 23:24:02 GMT+08:00 2016,9
Mon Apr 11 23:24:03 GMT+08:00 2016,10
Mon Apr 11 23:24:03 GMT+08:00 2016,10
Mon Apr 11 23:24:04 GMT+08:00 2016,10
Mon Apr 11 23:24:04 GMT+08:00 2016,10
Mon Apr 11 23:24:05 GMT+08:00 2016,10
Mon Apr 11 23:24:05 GMT+08:00 2016,10
Mon Apr 11 23:24:06 GMT+08:00 2016,8
Mon Apr 11 23:24:07 GMT+08:00 2016,10
Mon Apr 11 23:24:07 GMT+08:00 2016,10
Mon Apr 11 23:24:08 GMT+08:00 2016,7
Mon Apr 11 23:24:08 GMT+08:00 2016,10
Mon Apr 11 23:24:09 GMT+08:00 2016,10
Mon Apr 11 23:24:20 GMT+08:00 2016,5
Mon Apr 11 23:24:21 GMT+08:00 2016,7
Mon Apr 11 23:24:21 GMT+08:00 2016,9
Mon Apr 11 23:24:22 GMT+08:00 2016,5
Mon Apr 11 23:24:22 GMT+08:00 2016,7
Mon Apr 11 23:24:23 GMT+08:00 2016,10
Mon Apr 11 23:24:23 GMT+08:00 2016,8
Mon Apr 11 23:24:24 GMT+08:00 2016,6
Mon Apr 11 23:24:24 GMT+08:00 2016,7
Mon Apr 11 23:24:25 GMT+08:00 2016,7
Mon Apr 11 23:24:25 GMT+08:00 2016,10
Mon Apr 11 23:24:26 GMT+08:00 2016,9
Mon Apr 11 23:24:26 GMT+08:00 2016,9
Mon Apr 11 23:24:27 GMT+08:00 2016,9
Mon Apr 11 23:24:27 GMT+08:00 2016,5
Mon Apr 11 23:24:28 GMT+08:00 2016,8
Mon Apr 11 23:24:29 GMT+08:00 2016,10
Mon Apr 11 23:24:29 GMT+08:00 2016,9
Mon Apr 11 23:24:30 GMT+08:00 2016,6
Mon Apr 11 23:24:30 GMT+08:00 2016,8
Mon Apr 11 23:24:31 GMT+08:00 2016,10
Mon Apr 11 23:24:31 GMT+08:00 2016,8
Mon Apr 11 23:24:32 GMT+08:00 2016,10
Mon Apr 11 23:24:32 GMT+08:00 2016,6
Mon Apr 11 23:24:33 GMT+08:00 2016,10
Mon Apr 11 23:24:33 GMT+08:00 2016,6
Mon Apr 11 23:24:34 GMT+08:00 2016,8
Mon Apr 11 23:24:34 GMT+08:00 2016,10
Mon Apr 11 23:24:35 GMT+08:00 2016,7
Mon Apr 11 23:24:35 GMT+08:00 2016,8
Mon Apr 11 23:24:36 GMT+08:00 2016,7
Mon Apr 11 23:24:36 GMT+08:00 2016,8
Mon Apr 11 23:24:37 GMT+08:00 2016,10
Mon Apr 11 23:24:37 GMT+08:00 2016,10
Mon Apr 11 23:24:38 GMT+08:00 2016,8
Mon Apr 11 23:24:38 GMT+08:00 2016,9
Mon Apr 11 23:24:39 GMT+08:00 2016,5
Mon Apr 11 23:24:39 GMT+08:00 2016,8
Mon Apr 11 23:24:40 GMT+08:00 2016,9
Mon Apr 11 23:24:40 GMT+08:00 2016,7
Mon Apr 11 23:24:41 GMT+08:00 2016,8
Mon Apr 11 23:24:41 GMT+08:00 2016,9
Mon Apr 11 23:24:42 GMT+08:00 2016,8
Mon Apr 11 23:24:42 GMT+08:00 2016,10
Mon Apr 11 23:24:43 GMT+08:00 2016,8
Mon Apr 11 23:24:43 GMT+08:00 2016,8
Mon Apr 11 23:25:57 GMT+08:00 2016,10
Mon Apr 11 23:25:57 GMT+08:00 2016,10
Mon Apr 11 23:25:58 GMT+08:00 2016,10
Mon Apr 11 23:25:58 GMT+08:00 2016,10
Mon Apr 11 23:25:59 GMT+08:00 2016,10
Mon Apr 11 23:25:59 GMT+08:00 2016,10
Mon Apr 11 23:26:00 GMT+08:00 2016,10
Mon Apr 11 23:26:00 GMT+08:00 2016,10
Mon Apr 11 23:26:01 GMT+08:00 2016,6
Mon Apr 11 23:26:01 GMT+08:00 2016,9
Mon Apr 11 23:26:02 GMT+08:00 2016,6
Mon Apr 11 23:26:02 GMT+08:00 2016,8
Mon Apr 11 23:26:03 GMT+08:00 2016,9
Mon Apr 11 23:26:03 GMT+08:00 2016,10
Mon Apr 11 23:26:04 GMT+08:00 2016,8
Mon Apr 11 23:26:04 GMT+08:00 2016,9
Mon Apr 11 23:26:05 GMT+08:00 2016,10
Mon Apr 11 23:26:05 GMT+08:00 2016,7
Mon Apr 11 23:26:06 GMT+08:00 2016,9
Mon Apr 11 23:26:06 GMT+08:00 2016,5
Mon Apr 11 23:26:07 GMT+08:00 2016,7
Mon Apr 11 23:26:08 GMT+08:00 2016,7
Mon Apr 11 23:26:08 GMT+08:00 2016,9
Mon Apr 11 23:26:09 GMT+08:00 2016,6
Mon Apr 11 23:26:09 GMT+08:00 2016,8
Mon Apr 11 23:26:10 GMT+08:00 2016,9
Mon Apr 11 23:26:10 GMT+08:00 2016,7
Mon Apr 11 23:26:11 GMT+08:00 2016,6
Mon Apr 11 23:26:11 GMT+08:00 2016,8
Mon Apr 11 23:26:12 GMT+08:00 2016,8
Mon Apr 11 23:26:12 GMT+08:00 2016,10
Mon Apr 11 23:26:13 GMT+08:00 2016,7
Mon Apr 11 23:26:13 GMT+08:00 2016,9
Mon Apr 11 23:26:14 GMT+08:00 2016,8
Mon Apr 11 23:26:14 GMT+08:00 2016,10
Mon Apr 11 23:26:15 GMT+08:00 2016,9
Mon Apr 11 23:26:15 GMT+08:00 2016,9
Mon Apr 11 23:26:16 GMT+08:00 2016,7
Mon Apr 11 23:26:16 GMT+08:00 2016,9
Mon Apr 11 23:26:17 GMT+08:00 2016,10
Mon Apr 11 23:26:17 GMT+08:00 2016,4
Mon Apr 11 23:26:18 GMT+08:00 2016,10
Mon Apr 11 23:26:18 GMT+08:00 2016,10
Mon Apr 11 23:26:19 GMT+08:00 2016,4
Mon Apr 11 23:26:19 GMT+08:00 2016,10
Mon Apr 11 23:26:20 GMT+08:00 2016,10
Mon Apr 11 23:26:20 GMT+08:00 2016,10
Mon Apr 11 23:26:21 GMT+08:00 2016,10
Mon Apr 11 23:26:21 GMT+08:00 2016,5
Mon Apr 11 23:26:22 GMT+08:00 2016,5
Mon Apr 11 23:26:22 GMT+08:00 2016,8
Mon Apr 11 23:26:23 GMT+08:00 2016,10
Mon Apr 11 23:26:23 GMT+08:00 2016,10
Mon Apr 11 23:26:24 GMT+08:00 2016,10
Mon Apr 11 23:26:24 GMT+08:00 2016,6
Mon Apr 11 23:26:25 GMT+08:00 2016,9
Mon Apr 11 23:26:25 GMT+08:00 2016,10
Mon Apr 11 23:26:26 GMT+08:00 2016,8
Mon Apr 11 23:26:26 GMT+08:00 2016,9
Mon Apr 11 23:26:27 GMT+08:00 2016,10
Mon Apr 11 23:26:27 GMT+08:00 2016,10
Mon Apr 11 23:26:28 GMT+08:00 2016,8
Mon Apr 11 23:26:28 GMT+08:00 2016,10
Mon Apr 11 23:26:29 GMT+08:00 2016,10
Mon Apr 11 23:26:30 GMT+08:00 2016,7
Mon Apr 11 23:26:30 GMT+08:00 2016,10
Mon Apr 11 23:26:31 GMT+08:00 2016,10
Mon Apr 11 23:26:31 GMT+08:00 2016,10
Mon Apr 11 23:26:32 GMT+08:00 2016,9
Mon Apr 11 23:26:32 GMT+08:00 2016,10
Mon Apr 11 23:26:33 GMT+08:00 2016,10
Mon Apr 11 23:26:33 GMT+08:00 2016,10
Mon Apr 11 23:26:34 GMT+08:00 2016,10
Mon Apr 11 23:26:34 GMT+08:00 2016,10
Mon Apr 11 23:26:35 GMT+08:00 2016,9
Mon Apr 11 23:26:35 GMT+08:00 2016,7
Mon Apr 11 23:26:36 GMT+08:00 2016,10
Mon Apr 11 23:26:36 GMT+08:00 2016,10
Mon Apr 11 23:26:37 GMT+08:00 2016,7
Mon Apr 11 23:26:37 GMT+08:00 2016,10
Mon Apr 11 23:26:38 GMT+08:00 2016,10
Mon Apr 11 23:26:38 GMT+08:00 2016,9
Mon Apr 11 23:26:39 GMT+08:00 2016,10
Mon Apr 11 23:26:39 GMT+08:00 2016,10
Mon Apr 11 23:26:40 GMT+08:00 2016,6
Mon Apr 11 23:26:40 GMT+08:00 2016,9
Mon Apr 11 23:26:41 GMT+08:00 2016,8
Mon Apr 11 23:26:41 GMT+08:00 2016,7
Mon Apr 11 23:26:42 GMT+08:00 2016,10
Mon Apr 11 23:26:42 GMT+08:00 2016,10
Mon Apr 11 23:26:43 GMT+08:00 2016,10
Mon Apr 11 23:26:43 GMT+08:00 2016,10
Mon Apr 11 23:26:44 GMT+08:00 2016,10
Mon Apr 11 23:26:44 GMT+08:00 2016,10
Mon Apr 11 23:26:45 GMT+08:00 2016,10
Mon Apr 11 23:26:45 GMT+08:00 2016,10
Mon Apr 11 23:26:46 GMT+08:00 2016,10
Mon Apr 11 23:26:46 GMT+08:00 2016,10
Mon Apr 11 23:26:47 GMT+08:00 2016,10
Mon Apr 11 23:26:47 GMT+08:00 2016,10
